<?xml version="1.0"?>
<doc>
    <assembly>
        <name>Swashbuckle.AspNetCore.Swagger</name>
    </assembly>
    <members>
        <member name="M:Microsoft.AspNetCore.Builder.SwaggerBuilderExtensions.UseSwagger(Microsoft.AspNetCore.Builder.IApplicationBuilder,Swashbuckle.AspNetCore.Swagger.SwaggerOptions)">
            <summary>
            Register the Swagger middleware with provided options
            </summary>
        </member>
        <member name="M:Microsoft.AspNetCore.Builder.SwaggerBuilderExtensions.UseSwagger(Microsoft.AspNetCore.Builder.IApplicationBuilder,System.Action{Swashbuckle.AspNetCore.Swagger.SwaggerOptions})">
            <summary>
            Register the Swagger middleware with optional setup action for DI-injected options
            </summary>
        </member>
        <member name="T:Microsoft.Extensions.DependencyInjection.SwaggerOptionsExtensions">
            <summary>
            Extensions for helping with configuring instances of <see cref="T:Swashbuckle.AspNetCore.Swagger.SwaggerOptions"/>.
            </summary>
        </member>
        <member name="M:Microsoft.Extensions.DependencyInjection.SwaggerOptionsExtensions.SetCustomDocumentSerializer``1(Swashbuckle.AspNetCore.Swagger.SwaggerOptions,System.Object[])">
            <summary>
            Sets a custom Swagger document serializer to use.
            </summary>
            <remarks>For the CLI tool to be able to use this, this needs to be configured for use in the service collection of your application.</remarks>
            <typeparam name="TDocumentSerializer">The type of the custom Swagger document serializer implementation.</typeparam>
            <param name="swaggerOptions">The options to configure the serializer for.</param>
            <param name="constructorParameters">The parameters to pass into the constructor of the custom Swagger document serializer implementation.</param>
        </member>
        <member name="T:Microsoft.Extensions.DependencyInjection.SwaggerServiceCollectionExtensions">
            <summary>
            Extensions to configure dependencies for Swagger.
            </summary>
        </member>
        <member name="M:Microsoft.Extensions.DependencyInjection.SwaggerServiceCollectionExtensions.ConfigureSwagger(Microsoft.Extensions.DependencyInjection.IServiceCollection,System.Action{Swashbuckle.AspNetCore.Swagger.SwaggerOptions})">
            <summary>
            Configures Swagger options in the specified service collection.
            </summary>
            <param name="services">The service collection to configure the Swagger options for.</param>
            <param name="setupAction">A delegate to a method to use to configure the Swagger options.</param>
        </member>
        <member name="T:Swashbuckle.AspNetCore.Swagger.ISwaggerDocumentSerializer">
            <summary>
            Provide an implementation for this interface if you wish to customize how the OpenAPI document is written.
            </summary>
        </member>
        <member name="M:Swashbuckle.AspNetCore.Swagger.ISwaggerDocumentSerializer.SerializeDocument(Microsoft.OpenApi.Models.OpenApiDocument,Microsoft.OpenApi.Writers.IOpenApiWriter,Microsoft.OpenApi.OpenApiSpecVersion)">
            <summary>
            Serializes an OpenAPI document.
            </summary>
            <param name="document">The OpenAPI document that should be serialized.</param>
            <param name="writer">The writer to which the document needs to be written.</param>
            <param name="specVersion">The OpenAPI specification version to serialize as.</param>
        </member>
        <member name="P:Swashbuckle.AspNetCore.Swagger.SwaggerEndpointOptions.SerializeAsV2">
            <summary>
            Return Swagger JSON in the V2 format rather than V3
            </summary>
        </member>
        <member name="P:Swashbuckle.AspNetCore.Swagger.SwaggerEndpointOptions.PreSerializeFilters">
            <summary>
            Actions that can be applied SwaggerDocument's before they're serialized to JSON.
            Useful for setting metadata that's derived from the current request
            </summary>
        </member>
        <member name="P:Swashbuckle.AspNetCore.Swagger.SwaggerOptions.RouteTemplate">
            <summary>
            Sets a custom route for the Swagger JSON/YAML endpoint(s). Must include the {documentName} parameter
            </summary>
        </member>
        <member name="P:Swashbuckle.AspNetCore.Swagger.SwaggerOptions.SerializeAsV2">
            <summary>
            Return Swagger JSON/YAML in the V2 format rather than V3
            </summary>
        </member>
        <member name="P:Swashbuckle.AspNetCore.Swagger.SwaggerOptions.CustomDocumentSerializer">
            <summary>
            Gets or sets an optional custom <see cref="T:Swashbuckle.AspNetCore.Swagger.ISwaggerDocumentSerializer"/> implementation to use to serialize Swagger documents.
            </summary>
            <remarks>For the CLI tool to be able to use this, this needs to be configured for use in the service collection of your application.</remarks>
        </member>
        <member name="P:Swashbuckle.AspNetCore.Swagger.SwaggerOptions.PreSerializeFilters">
            <summary>
            Actions that can be applied to an OpenApiDocument before it's serialized.
            Useful for setting metadata that's derived from the current request.
            </summary>
        </member>
    </members>
</doc>
